<?xml version="1.0" encoding="utf-8"?>
<extension type="component" version="3.0" method="upgrade">
    <name>com_homeo</name>
    <creationDate>2016-08-23</creationDate>
    <copyright>2016 saurav</copyright>
    <license>GNU General Public License version 2 or later; see LICENSE.txt</license>
    <author>saurav</author>
    <authorEmail>imsauravsingh@gmail.com</authorEmail>
    <authorUrl>http://facebook.com/imsauravsingh</authorUrl>
    <version>CVS: 1.0.0</version>
    <description></description>
    
    
    
    <install> <!-- Runs on install -->
        <sql>
            <file driver="mysql" charset="utf8">sql/install.mysql.utf8.sql</file>
        </sql>
    </install>
    <update> <!-- Runs on update -->
        <sql>
            <file driver="mysql" charset="utf8">sql/update.mysql.utf8.sql</file>
        </sql>
    </update>
    <uninstall> <!-- Runs on uninstall -->
        <sql>
            <file driver="mysql" charset="utf8">sql/uninstall.mysql.utf8.sql</file>
        </sql>
    </uninstall>

    <files folder="site">
        <filename>index.html</filename>
        <filename>homeo.php</filename>
        <filename>controller.php</filename>
        <filename>router.php</filename>
        <folder>views</folder>
        <folder>models</folder>
        <folder>controllers</folder>
        <folder>helpers</folder>
    </files>
    <media destination="com_homeo" folder="media">
        <folder>js</folder>
        <folder>css</folder>
    </media>
    <languages folder="languages/site">
        
			<language tag="en-GB">en-GB/en-GB.com_homeo.ini</language>
    </languages>
    <administration>
        <menu img="media/com_homeo/images/s_com_homeo.png" >COM_HOMEO</menu>
        <submenu>
            
			<menu link="option=com_homeo&amp;view=dashboard" view="dashboard" img="media/com_homeo/images/s_.png" alt="Homeo/Dashboard">COM_HOMEO_TITLE_DASHBOARD</menu>

        </submenu>
        <files folder="administrator">
            <filename>access.xml</filename>
            <filename>config.xml</filename>
            <filename>controller.php</filename>
            <filename>index.html</filename>
            <filename>homeo.php</filename>
            <folder>controllers</folder>
            <folder>assets</folder>
            <folder>helpers</folder>
            <folder>models</folder>
            <folder>sql</folder>
            <folder>tables</folder>
            <folder>views</folder>
        </files>
        <languages folder="languages/administrator">
            
			<language tag="en-GB">en-GB/en-GB.com_homeo.ini</language>
			<language tag="en-GB">en-GB/en-GB.com_homeo.sys.ini</language>
        </languages>
    </administration>
    <config>
        <fields name="params">
            <fieldset name="component">
                <field name="save_history" default="0" />
            </fieldset>
        </fields>
    </config>
    <plugins>
        <plugin group="search" plugin="homeo"/>
    </plugins>
    
</extension>
<!-- Component built by the Joomla Component Creator -->
<!-- http://www.component-creator.com/ -->
