<?xml version="1.0" encoding="utf-8"?>
<extension type="module" version="1.0" client="site" method="upgrade">
	<name>mod_homeoslider</name>
	<author>Homeo8home</author>
	<creationDate>Aug 2016</creationDate>
	<copyright>Copyright (C) 2005 - 2016 Open Source Matters. All rights reserved.</copyright>
	<license>GNU General Public License version 2 or later; see LICENSE.txt</license>
	<authorEmail>saurav@sauravkumar.in</authorEmail>
	<authorUrl>www.sauravkumar.in</authorUrl>
	<version>1.0.0</version>
	<description>Homeo8home homepage slider</description>

	<files>
		<filename>mod_homeoslider.xml</filename>
		<filename module="mod_homeoslider">mod_homeoslider.php</filename>
		<folder>tmpl</folder>
	</files>
	<config>
	</config>

</extension>
